{"cameraMode":{"drawMode":0,"name":"Shaded","section":"Shading Mode"},"sceneLighting":true,"audioPlay":false,"sceneViewState":{"m_AlwaysRefresh":false,"showFog":true,"showSkybox":true,"showFlares":true,"showImageEffects":true,"showParticleSystems":true,"showVisualEffectGraphs":true,"m_FxEnabled":true},"in2DMode":false,"pivot":{"x":-3.8153414726257326,"y":-0.9888567924499512,"z":1.9499597549438477},"rotation":{"x":-0.07445011287927628,"y":0.8894868493080139,"z":-0.15663570165634156,"w":-0.4227789640426636},"size":7.382187843322754,"orthographic":false}